4,Rede Coletora Esgoto,rede_coletora.pdf
4,A8,A8.pdf
11,A8,A8.pdf
11,A7.1,A7-1.pdf
11,A6.1,A6-1.pdf
12,A8,A8.pdf
12,A6.2,A6-2.pdf
12,A7.1,A7-1.pdf
17,A8,A8.pdf
17,A6.3,A6-3.pdf
17,A7.6,A7-6.pdf
18,A8,A8.pdf
18,A5.4,A5-4.pdf
18,A7.6,A7-6.pdf
19,A5.4,A5-4.pdf
19,A6.1,A6-1.pdf
19,A7.3,A7-3.pdf
19,A8,A8.pdf
19,A9.1,A9-1.pdf
19,A9.2,A9-2.pdf
20,A5.4,A5-4.pdf
20,A6.2,A6-2.pdf
20,A7.3,A7-3.pdf
20,A8,A8.pdf
20,A9.1,A9-1.pdf
20,A9.2,A9-2.pdf
21,A1.1,A1-1.pdf
21,A2,A2.pdf
21,A9.1,A9-1.pdf
21,A9.2,A9-2.pdf
25,A1.2,A1-2.pdf
25,A5.3,A5-3.pdf
25,A7.4,A7-4.pdf
25,A8,A8.pdf
25,A9.1,A9-1.pdf
25,A9.2,A9-2.pdf
25,A3,A3.pdf
23,A5.1,A5-1.pdf
23,A7.2,A7-2.pdf
23,A9.1,A9-1.pdf
23,A9.2,A9-2.pdf
23,A10.1,A10-1.pdf
26,A4,A4.pdf
26,A9.1,A9-1.pdf
26,A9.2,A9-2.pdf
26,A10.2,A10-2.pdf
28,A5.2,A5-2.pdf
28,A7.5,A7-5.pdf
28,A9.1,A9-1.pdf
28,A9.2,A9-2.pdf
28,A10.2,A10-2.pdf
